{"cameraMode":{"drawMode":0,"name":"Shaded","section":"Shading Mode"},"sceneLighting":false,"audioPlay":false,"sceneViewState":{"m_AlwaysRefresh":false,"showFog":false,"showSkybox":false,"showFlares":false,"showImageEffects":false,"showParticleSystems":false,"showVisualEffectGraphs":true,"m_FxEnabled":true},"in2DMode":false,"pivot":{"x":0.2950526177883148,"y":1.275686264038086,"z":0.1194484755396843},"rotation":{"x":0.2825438380241394,"y":0.018988486379384996,"z":-0.005593681242316961,"w":0.9590583443641663},"size":0.21922248601913453,"orthographic":false}